Berry,250
Rosalind,249
Charley,231
Bonair,172
Oh,143
Miss,84
Gutenberg,84
Berenice,73
Charles,68
Montague,55
Garvice,53
Georgie,46
Sheldon,46
Cline,46
Ah,38
Dora,37
Marie,37
Vining,37
Senator,32
Crumplesea,31
Zilla,30
Adrian,27
Heaven,27
Love,26
Vance,25
Foundation,24
Lucile,22
Dante,20
New,18
Sam,18
Bodwin,17
States,16
United,16
Lewis,15
Harriet,15
Agnes,14
Fleming,14
Indian,14
Archive,13
_Daisy_,13
Fortescue,13
London,13
zoo,12
California,12
Don,12
Paris,12
Thank,11
Weston,10
Madam,10
Bonairs,10
Milton,10
Towers,9
Vane,9
Hopson,9
Rose,9
Thetford,8
J,8
America,8
Holmes,8
York,8
Moneybags,8
Mary,8
Mandy,8
Heart,7
Washington,7
American,7
Flower,7
eBooks,7
England,7
Alas,7
_Chester_,6
English,6
San,6
Forgive,6
Pride,6
Lady,6
Milt,6
Beauty,6
Francisco,6
Listen,6
Tousey,6
Dobbins,6
Little,5
Thompson,5
Gotham,5
Clines,5
NEW,5
Wilson,5
Villa,5
Billet,5
Brown,5
Minorca,5
Morecome,5
Mamma,5
Blint,5
_Geraldine_,5
Skivers,5
House,4
Mercy,4
Morley,4
Bonny,4
Brander,4
Hello,4
Woman,4
Perry,4
Gwen,4
GUTENBERG,4
John,4
Bless,4
Opera,4
God,3
Mellish,3
Junction,3
Lost,3
Vera,3
Erda,3
Jean,3
EAGLE,3
Cornwall,3
Continent,3
Bride,3
Jersey,3
Alex,3
Shadows,3
France,3
_Daisy,3
Stanch,3
Sacrifice,3
Fortune,3
Libbey,3
moan,3
Miller,3
McVeigh,3
Ha,3
Laura,3
Black,3
Air,2
CORPORATION,2
Wake,2
Trouville,2
Willis,2
Atlantic,2
Eastern,2
Jimmy,2
Plain,2
Suzette,2
Bruin,2
Stifling,2
Belle,2
aren,2
ain,2
Won,2
Avenue,2
Hugh,2
ALEX,2
Europe,2
EBOOK,2
Hair,2
Meanwhile,2
Congress,2
Kentish,2
Joy,2
Oakhampton,2
Hannah,2
Library_,2
Vixen,2
Tresillian,2
Remember,2
Mine,2
Mother,2
Loves,2
Wooing,2
Theater,2
Bailiff,2
Rosy,2
Twould,2
Dad,2
Montagues,2
City,2
West,2
Dallas,2
Scott,2
Cameo,2
Heritage,2
Wife,2
SMITH,2
Magic,2
Dorothy,2
Didn,2
Fancy,2
Vanilla,2
Darling,2
Realizing,2
Treachery,2
Golden,2
ASCII,2
Virginia,2
Author,2
_Chester,2
CHARLEY,1
HATED,1
EMBLEM,1
XXXV,1
PRINT_,1
Undreaming,1
Fie,1
Bridal,1
Oriental,1
Peter,1
XLVII,1
Corporation,1
Isn,1
Mordaunt,1
Betsey,1
Elaine,1
Twixt,1
Virgie,1
HAZLITT,1
Dolan,1
Heatherford,1
Mission,1
Janice,1
Audrey,1
Glen,1
Keys,1
Salt,1
_ALL,1
Dulcie,1
Ladies,1
Mighty,1
BLUE,1
Deuced,1
Shirley,1
Norah,1
IRS,1
Coward,1
Burridge,1
Craig,1
BROWN,1
XL,1
XXXVII,1
Kent,1
Welfleet,1
Imogene,1
Somehow,1
Charlotte,1
Reckon,1
Gilman,1
DAWN,1
Digital,1
Hated,1
Thunder,1
Harbor,1
Dumaresq,1
Blank,1
Loved,1
donna,1
Nightingale,1
Innocent,1
Roses,1
University,1
Fright,1
CURTAIN,1
Liar,1
Nora,1
Greek,1
EIN,1
Maiden,1
Trembling,1
_Geraldine,1
Read,1
ROSALIND,1
Amazon,1
Gent,1
Madge,1
Smile,1
Papa,1
Heavens,1
Conquers,1
Elysium,1
Olivia,1
Nay,1
MILLER_,1
Scotland,1
Ere,1
Eden,1
Katz,1
Tina,1
XLII,1
Hurrah,1
Wasted,1
Edna,1
Arnold,1
Sydney,1
Max,1
Samaritan,1
Leslie,1
James,1
Marquis,1
Dale,1
Beside,1
Kirkwood,1
Claire,1
Valor,1
Language,1
Lily,1
Vow,1
PGLAF,1
Hazlitt,1
Roy,1
Castle,1
CASTLE,1
Sake,1
Eagle,1
Hasn,1
Earl,1
Helen,1
Rosie,1
Married,1
XII,1
Hazel,1
Demian,1
Parted,1
Earldom,1
Aren,1
Best,1
Weary,1
Road,1
Villanova,1
McDonald,1
Grazia,1
Wenona,1
Gipsy,1
Signa,1
Usurper,1
Jewels,1
Haven,1
Turkish,1
Viper,1
VIXEN,1
Stanley,1
Hark,1
MERCHANTABILITY,1
Gower,1
Florence,1
VII,1
Grateful,1
Cliff,1
Vances,1
Misses,1
Conquest,1
Aunt,1
Triumphant,1
Ruby,1
Brownie,1
EXPRESS,1
AVENUE,1
Meets,1
Trixy,1
XXXII,1
_BY,1
Violet,1
Witch,1
Baronet,1
News,1
Muller,1
Harding,1
Series,1
Mississippi,1
Ber,1
CITY,1
Ione,1
Lorrie,1
Angel,1
Service,1
Norine,1
Triumph,1
III,1
zo,1
Despise,1
Italy,1
XVI,1
Dilemma,1
YORK,1
Marguerite,1
Anthony,1
Heigh,1
Hadn,1
XXIX,1
Wasn,1
Street,1
Hamer,1
Bellmaire,1
Maud,1
Smith,1
Dell,1
Moses,1
NORMAN,1
Maid,1
Evelyn,1
Rosamond,1
Stella,1
Mona,1
Diana,1
Dreem,1
Redistribution,1
McVEIGH,1
Isle,1
Remorse,1
Clay,1
Sunshine,1
Faugh,1
Darracourt,1
Run,1
Loom,1
Magdalen,1
Edrie,1
Esther,1
Hoiden,1
Vering,1
Hart,1
XXXIX,1
XXXVIII,1
Mildred,1
VIII,1
Suthin,1
Marplot,1
Library,1
Irish,1
Delamere,1
Spider,1
British,1
Rat,1
Michael,1
Bah,1
Yankee,1
Temptation,1
Lucy,1
PUBLISHERS,1
Lord,1
Footlights,1
Passion,1
MILLER,1
_Eagle,1
Guardian,1
Monte,1
DISTRIBUTOR,1
Geoffrey,1
Floris,1
North,1
Recompense,1
Thorn,1
Thinks,1
XLIII,1
MUNRO,1
Pearle,1
Bess,1
UT,1
Widower,1
Soul,1
Hollow,1
Westons,1
Battersea,1
WILLED,1
Carlo,1
Grundy,1
FOUNDATION,1
PLIGHTED,1
Aikenside,1
Dowdy,1
XIII,1
Richard,1
Jeanne,1
BONAIR,1
BERENICE,1
Barely,1
Marjorie,1
Chinese,1
_Bertha,1
IV,1
XXXVI,1
Gladly,1
Sibyl,1
Hearts,1
Guy,1
Amen,1
Sarah,1
Egremont,1
Adrien,1
MCVEIGH,1
XXIII,1
Leola,1
Philippa,1
Regna,1
XXXIII,1
Le,1
XIV,1
Rosalinds,1
Olympia,1
Lake,1
Carlisle,1
Gifted,1
Traitor,1
Switzerland,1
XLVI,1
Doris,1
XVIII,1
Iris,1
Amazons,1
Lor,1
Vi,1
XXXI,1
Rome,1
Clarence,1
Blind,1
